incident_county,incident_acres_burned,longitude,latitude
Shasta,37,-122.309,40.774
San Diego,122,1,1
Inyo,406,-118.01651,36.602575
San Bernardino,30,-116.941311,34.288877
Madera,274,-119.635004,37.116295
Tehama,6965,-121.595555,40.190062
Napa,75,-122.350844,38.441792
Sonoma,125,-122.655616,38.638828
Riverside,3166,-116.941311,34.288877
San Benito,354,-120.937494,37.160346
Glenn,217,-122.560862,39.514139
San Bernardino,75,-117.4408,34.1834
Riverside,510,-116.855019,33.894055
"Kern, Ventura",4346,-118.9411,34.7861
Riverside,40,-116.161201,33.655638
Los Angeles,712,-118.610044,34.49149
Madera,91,-119.7917,37.1927
San Luis Obispo,35,-120.91375,35.49864
Riverside,25,-116.907213,33.96201
Riverside,90,-116.6534,33.9582
San Joaquin,303,-120.90325,38.04993
San Diego,100,-116.900368,32.564465
San Diego,2781,-116.52579,33.12111
San Luis Obispo,50,-120.6368,35.5123
Riverside,124,-117.187934,33.963591
San Diego,1271,-116.5209,33.04458
Santa Barbara,1984,-119.82429,34.55048
Los Angeles,149,-118.58688,34.419284
Santa Barbara,170,-120.074655,34.611824
San Luis Obispo,500,-120.05131,35.15832
Tuolumne,100,-120.33313,37.91529
Butte,298,-121.576804,39.434183
Riverside,0,-116.84137,33.99647
"Sonoma, Solano, Lake, Colusa",28,-122.0437,38.4229
Merced,124,-121.006939,37.03776
Lake,30,-122.703193,38.99233
Los Angeles,30274,-118.423176,34.585595
Alameda,240,-121.737213,37.775057
Riverside,42,-117.1265,33.96936
Amador,96,-120.966016,38.27783
Madera,75,-119.75636,37.169379
Fresno,108,-119.628389,36.772425
Mariposa,1708,-119.91071,37.58202
Placer,237,-121.380862,38.729297
Fresno,35,-119.558244,36.763367
Riverside,40,-117.302057,34.001745
Madera,482,-119.78106,37.015575
Solano,124,-122.13802,38.08744
Fresno,46,-119.463757,37.03087
Fresno,150,-119.2248,36.7218
Lake,25,-122.81796,38.98058
San Bernardino,534,-117.048397,34.071556
Contra Costa,274,-121.74367,39.90465
Monterey,105,-120.8973,36.1531
Contra Costa,492,-121.91453,37.96866
Modoc,502,-121.035,41.2415
Tehama,200,-122.079871,40.012398
Alameda,50,-121.5869,37.7393
Alameda,38,-121.86216,37.74241
San Diego,7055,-116.47381,32.95435
San Luis Obispo,85,-120.83417,35.62743
Yuba,73,-121.31634,39.206
Shasta,43,-122.7338,40.373
El Dorado,572,-120.298,38.774
Santa Clara,50,-121.7804,37.1438
Stanislaus,150,-121.1955,37.436
Riverside,27531,-116.72885,33.7095
Humboldt,0,-123.376,41.333
San Bernardino,75,-117.352,34.316
San Diego,25,-116.707335,32.612773
Fresno,22992,-119.318,37.279
Siskiyou,14754,-123.176,41.32
Butte,92,-121.50354,39.6612
Riverside,150,-117.164997,33.990128
Riverside,60,-116.99895,33.91027
Kern,612,-118.93388,34.90327
Mendocino,45,-123.067671,38.980846
Kern,712,-118.9194,34.882
Tehama,195,-122.330879,39.961309
Sonoma,158,-122.51253,38.17693
"El Dorado, Sacramento",163,-121.08438,38.63987
Riverside,40,-117.2508,33.9634
Riverside,15,-117.09306,33.94528
Calaveras,31,-120.696362,37.965364
Tuolumne,1070,-120.02778,38.25108
Riverside,1383,-117.40288,33.62236
Riverside,60,-116.61,38.838
Lake,38,-122.5906,39.1591
Riverside,20292,-116.90427,33.86157
Humboldt,12503,-123.488,41.035
Siskiyou,50,-122.578393,41.923323
El Dorado,116,-120.839075,38.682378
San Bernardino,243,-117.62,34.35
Shasta,27,-122.48259,40.473356
Butte,2462,-121.38236,39.446268
Placer,27440,-120.65,39.12
Lassen,97,-120.958126,40.88886
Riverside,40,-116.10815,33.570291
Lake,70,-122.491894,39.013682
Calaveras,46,-120.45233,38.06231
San Bernardino,110,-117.451,34.287
Shasta,8073,-122.535496,40.498332
Plumas,513,-120.764666,40.00842
Kern,794,-118.588,35.707
Shasta,196,-121.3754,40.5445
San Bernardino,200,-117.417,34.2
Tehama,11429,-121.85397,40.04263
San Bernardino,413,-117.598,34.302
Tulare,2060,-118.444,36.208
El Dorado,38,-120.84716,38.89555
San Bernardino,97,-116.706,33.642
San Mateo,41,-122.427285,37.667295
Contra Costa,3111,-121.882582,37.90757
Tulare,134,-118.459,36.258
San Bernardino,73,-117.106075,34.003151
Los Angeles,268,-117.908,34.149
Modoc,97,-120.375,41.73325
Nevada,52,-121.107022,39.333401
Butte,80,-121.713938,39.731878
Modoc,68,-120.959,41.569
Tuolumne,257314,-120.086,37.857
San Diego,263,-116.746023,32.710918
Lake,30,-122.683,38.9777
San Luis Obispo,94,-120.8358,35.4393
Mendocino,98,-122.966,38.9252
Napa,376,-122.289,38.628
Sonoma,159,-122.6503,38.34599
San Diego,2236,-117.3092,33.341
Butte,305,-121.497,39.439
Orange,40,-117.6649,33.7655
Yolo,163,-122.08725,38.67479
Shasta,33,-122.140914,40.483662
San Luis Obispo,51,-120.751555,35.457978
Lake,120,-122.567525,38.882214
Napa,190,-122.311,38.382
Ventura,64,-119.13249,34.384
Mendocino,82,-123.1478,39.0442
Sonoma,3505,-122.8498,38.8167
Lake,50,-122.7656,39.0448
Lake,23,-122.5818,38.9289
Santa Clara,40,-121.717706,37.342186
Tehama,865,-121.790183,40.134597
Los Angeles,1952,-117.8816,34.1703
Humboldt,333,-123.773779,40.884415
Fresno,106,-119.3415,36.8266
San Diego,125,-116.49,32.81
Monterey,400,-121.4819,36.6313
Riverside,57,-116.1985,33.5982
Inyo,113,-118.352,37.399
San Bernardino,2143,-117.547374,34.169346
San Diego,29,-116.222,32.665
San Diego,1548,-117.133,33.003
Monterey,75,-121.117,36.103
Santa Barbara,632,-120.454,34.609
San Diego,5367,-117.284889,33.3529
San Diego,1457,-117.550567,33.417572
San Diego,380,-117.162,33.312
Shasta,50,-122.721,40.39
San Diego,1995,-117.1599,33.1137
San Diego,600,-117.279,33.1109
Lake,175,-122.5983,39.1647
Tuolumne,487,-120.45087,37.76617
Tuolumne,269,-120.452,37.787
Fresno,25,-119.241493,36.742747
Fresno,40,-119.525506,36.991825
Solano,70,38.453,121.999
Mariposa,130,-120.197,37.7103
Kern,3895,-118.555527,35.70683
Tehama,225,-122.345078,40.009827
Calaveras,120,38.178241,120.679019
Calaveras,85,-120.66,38.058
"Napa, Lake",4300,-122.454,38.664
El Dorado,30,-120.703238,38.608336
Shasta,12661,-122.750788,40.4314
Yolo,6488,-122.104,38.512
Modoc,1469,-120.904,41.489
Modoc,1651,-120.79,41.89
Trinity,15,-123.24,40.41
San Diego,217,-116.576454,33.078948
Contra Costa,80,-121.5118,37.5359
Shasta,75,-121.3415,40.5719
San Luis Obispo,47,-121.0226,35.8218
Nevada,38,-121.2687,39.1871
Shasta,143,-122.2215,40.6569
Kern,1680,-118.15,35.642
Butte,72,-121.6129,39.4664
"Amador, El Dorado",4240,-120.7819,38.5691
Shasta,39736,-121.368,40.901
Modoc,13153,-121.2144,41.1336
Siskiyou,35302,-122.345,42.048
Shasta,32416,-121.562,40.72
Shasta,6258,-122.805,41.141
Siskiyou,5503,-122.127,41.682
Shasta,25,29.24,40
Madera,10,18.4,37
Madera,612,-119.6581,37.3433
Modoc,101,-121.266,41.507
Siskiyou,0,-123.374,41.796
San Diego,20,-116.89516,32.59154
Los Angeles,190,-117.771,34.235
Los Angeles,274,-117.867,34.267
Nevada,84,-120.0805,39.3918
Kern,4045,-118.4747,35.7206
Trinity,580,-122.946,40.7412
Shasta,1375,-122.171,40.7101
Tuolumne,70,-120.3434,37.8316
Humboldt,210,-123.753,41.134
Napa,27,-122.384054,38.695961
Mariposa,311,40.34,37
El Dorado,97717,-120.629714,38.805437
Siskiyou,200,-121.851,41.485
Orange,968,-117.601,33.748
Nevada,247,-120.999508,39.113682
Madera,320,-119.604124,37.311915
Siskiyou,516,-122.37432,41.42384
San Bernardino,48,-117.70643,33.93869
El Dorado,94,-120.028,38.59
El Dorado,20,-120.1140659,38.9195001
San Diego,80,-116.9454387,32.6449163
Plumas,137,-120.7016667,40.05083333
Riverside,1049,-117.642759,33.884313
Merced,275,-121.06963,37.08312
Humboldt,20,-123.8292,41.1513
Trinity,1542,-123.168,40.924
Kern,67,-120.19482,35.77937
Napa,38,-122.3415,38.5287
Amador,60,-121.135426,38.260777
Tehama,55,-122.552,40.0133
San Diego,171,-116.8534,32.9421
San Bernardino,31359,-116.8927778,34.16027778
Yuba,158,-121.26471,39.2688
Madera,920,-119.523943,37.165767
Madera,135,-119.6958,37.072561
Lassen,60,-121.033667,40.875667
Alpine,0,-119.751944,38.598056
Los Angeles,415,-118.535793,34.361007
San Bernardino,100,-117.243878,34.165974
Napa,19,-122.181878,38.519132
Mendocino,35,-123.248214,39.7806004
Tehama,170,-122.3638,39.8448
Mendocino,23,-123.303,39.0263
Solano,150,-122.0789,38.4113
Solano,40,-122.1578,38.1029
Shasta,18,-122.4397,40.5953
San Bernardino,54,-117.0487863,34.0783472
San Luis Obispo,95,-121.0157,35.7183
Riverside,21,-117.43942,33.986204
Orange,214,-117.7274,33.7626
Siskiyou,181,-122.5029,41.8048
San Diego,25,-116.73472,33.21407
San Bernardino,4250,-117.478,34.339
Los Angeles,200,-117.683,34.367
San Benito,25,-121.5681,36.8727
Tulare,430,-118.824235,36.085212
Siskiyou,24,-121.891226,41.999341
Napa,65,-122.43172,38.40958
Placer,26,-121.1548,38.9361
El Dorado,75,-120.404,38.776
Modoc,116,-121.172117,41.29226
Modoc,77,-121.101623,40.856422
San Diego,167,-116.868611,33.383889
San Diego,25,-116.51684,32.682547
Nevada,2304,-120.882313,39.192088
Humboldt,158,-123.784067,41.295667
Madera,5702,-119.50014,37.279722
Calaveras,114,-120.5577,38.052
Stanislaus,40,-121.20324,37.24523
Humboldt,16,-123.774,40.1093
Tulare,6980,-118.54,36.24
Butte,400,-121.38794,39.43963
Lake,69438,-122.4762475,38.8863538
Shasta,75,-122.199227,40.509552
Shasta,212,-122.439939,40.415108
Tuolumne,204,-120.15644,37.823
Tuolumne,112,-120.61691,37.83618
Contra Costa,195,-121.68113,37.81629
Shasta,90,-122.20109,40.49865
Tulare,86,-118.9009,36.49845
Mendocino,50,-123.36316,39.43301
Riverside,543,-116.5387,33.5736
Modoc,4863,-121.392,41.399
Shasta,75,-121.93244,40.67868
Santa Barbara,52,-120.2903,34.9522
Yuba,30,-121.18735,39.33303
Shasta,59,-122.40546,40.3929
Lassen,10570,-120.105,40.938
San Diego,55,-117.2886249,33.4115972
Tehama,110,-121.7786799,40.3506868
"Lake, Napa",25118,-122.4867319,38.8142503
San Luis Obispo,2446,-120.6269,35.3477
Humboldt,146,-124.0720419,40.1058823
Alameda,2700,-121.3732,37.3845
Lake,22,-122.53428,38.831478
Lake,215,-122.879272,38.925764
San Bernardino,55,-116.883,34.23
Trinity,128,-122.96174,40.724898
Lake,673,-122,55.23
Butte,72,-121,26.42
Lassen,30,-121.194256,41.12362
Tuolumne,108,-120.30188,38.04684
Trinity,35,41.46,40
Lassen,40,-120.553075,40.400196
Fresno,170,-120.553075,40.400196
Butte,1042,-121.3363,39.5218
Shasta,109,-122.52541,40.47512
Butte,104,-121.8938,39.8707
Fresno,151623,-118.905,36.874
Merced,30,-121.08036,37.2171
Ventura,50,-118.879444,34.15
San Benito,670,-121.32734,36.70854
Santa Barbara,21,-119.63216,34.4828
Nevada,30,-121.194,39.081
Monterey,1086,-121.589554,36.3699644
Monterey,95,-121.7556029,36.5696373
Los Angeles,0,-118.7892593,34.6888731
Tuolumne,85,-120.528836,37.927613
Monterey,3876,-121.20059,36.38123
Los Angeles,156,-118.354,34.276
Fresno,278,-119.654,36.88286
Stanislaus,120,-121.42238,37.17072
Butte,91,-121.78973,39.33035
Butte,30,-121.595093,39.624017
San Luis Obispo,150,-120.39993,35.61961
Monterey,25,-121.0381507,35.8378273
Fresno,132,-119.38248,36.78769
Placer,169,-121.3090268,38.8390117
San Diego,70,-117.08829,33.41639
Tulare,0,-118.08591,35.84883
Butte,112,-121.6008,39.595
San Luis Obispo,86,-120.82266,35.70821
Calaveras,33,-120.8678,38.22017
Tehama,43,-122.40142,39.93965
Placer,88,-121.37704,38.86804
El Dorado,25,-120.6955,38.64107
San Benito,30,-121.40304,36.80296
Sacramento,32,-121.06452,38.3131
Riverside,139,-117.140883,33.476894
Monterey,2520,-121.25029,36.01542
San Luis Obispo,0,-119.58206,35.01382
Shasta,24,-122.46777,40.61388
Amador,210,-120.90265,38.26874
San Diego,7609,-116.63028,32.60729
Monterey,70,-121.3306,36.2833
Tehama,80,-121.857,39.7947
Kern,61,-120.251,35.77135
San Benito,83,-121.04993,36.49914
Siskiyou,2860,-123.557,41.623
Santa Barbara,7474,-119.643,34.776
Yolo,277,-122.15457,38.69971
Butte,49,-121.6051,39.43351
Kern,48019,-118.45628,35.6115
Monterey,52,-120.9293,36.1934
Merced,1246,-121.20155,37.07147
Orange,47,-117.77395,33.57872
Alameda,211,-121.58677,37.74369
Mono,650,-119.14,37.97
Lake,215,-122.50373,39.12366
"El Dorado, Placer",5646,-120.9375,38.96741
Amador,372,-121.003611,38.385
Fresno,188,-119.39619,36.92244
Los Angeles,1109,-118.57245,34.36763
San Benito,95,-120.841536,5487
Kern,554,118.9082,34.913
Shasta,441,-122.72913,40.36873
Tehama,464,-122.56939,40.0353
Kern,1785,-118.72272,35.20993
Ventura,2304,-119.144,34.701
Tehama,88,-122.2071,40.07846
Fresno,2944,-120.452041,36.0749
Inyo,30,-118.15589,36.58972
Calaveras,310,-120.61153,38.02845
Sacramento,87,-121.103642,38.517772
Fresno,145,-120.62048,36.14161
Madera,103,-119.65776,37.25601
Ventura,45,-118.63264,34.27619
Ventura,15,-116.58542,33.11645
Calaveras,341,-120.81394,38.08056
Calaveras,35,-120.67335,37.96311
Yolo,84,-122.04726,38.8866
Kern,221,-118.21793,35.68313
Ventura,78,-119.39619,36.92244
Kern,138,-118.94811,35.60748
Fresno,123,-119.5792,37.0099
San Diego,100,-116.7945,32.9612
Lake,69,-122.7891,39.0863
Siskiyou,26,-122.59328,41.96191
Fresno,2241,-119.50507,37.01591
Calaveras,57,-120.64241,37.98171
Solano,57,-122.02564,38.33475
San Diego,1245,-117.35093,33.393
Siskiyou,23,-122.36924,41.71847
Monterey,100,-120.81081,35.85093
Monterey,132127,-121.89938,36.45994
Orange,150,-117.5221,33.6542
San Bernardino,20,-117.4415,34.25858
Butte,850,-121.571,39.6871
Mendocino,50,-123.5044,39.7299
San Bernardino,50,-117.3189,34.3183
Nevada,38,-120.51887,39.39051
Shasta,75,-122.4096,40.68192
El Dorado,50,-121.00299,38.79549
San Diego,28,-116.9571,33.00056
Contra Costa,40,-122.1885,38.01264
Madera,38,-119.4741,37.24006
Tuolumne,32,-120.69521,37.81434
Santa Clara,114,-121.79669,37.41896
San Diego,35,-117.14547,33.22558
Tehama,80,-122.26736,40.19611
Butte,550,-121.7192,39.6708
Yolo,5731,-122.06788,38.52513
Kern,100,-118.60344,35.24504
Madera,85,-119.7738,37.3228
Amador,26,-120.8657,38.2581
Santa Clara,25,-121.68577,37.06531
San Bernardino,8110,-117.27338,34.28771
Lake,45,-120.51057,36.09974
Lake,36,-122.26015,38.68403
Fresno,7050,-120.51057,36.09974
San Bernardino,36274,-117.49342,34.30372
Shasta,35,-122.47091,40.61213
Humboldt,21,-123.77832,40.9878
San Luis Obispo,46344,-120.98316,35.70595
Lake,3929,-122.60664,38.89741
Kern,29322,-118.5678,35.7506
Humboldt,23,-124.05804,40.4572
Sacramento,40,-121.1309,38.558
Alpine,0,-120.00606,38.57554
Fresno,158,-119.34487,36.84479
Santa Clara,25,-121.69784,37.11831
Yuba,400,-121.38775,36.16965
Mendocino,36,-123.4267011,39.8748511
Kern,304,-118.5097,35.4976
Siskiyou,33867,-123.118,41.851
San Joaquin,147,-121.36665,37.62215
Humboldt,599,-123.82268,41.28486
Lassen,2575,-120.7845,40.3915
Butte,88,-121.71662,39.79547
Calaveras,450,-120.6381,38.1874
Tulare,395,-118.73906,36.1648
Siskiyou,710,-122.611,41.7813
Modoc,380,-120.9066,41.4657
Kern,518,-118.7212,35.2013
Lake,20,-122.9148951,39.1408865
Siskiyou,32,-122.7933,41.6314
Butte,30,-121.6998,39.8851
Tehama,360,-122.1295,40.30594
Del Norte,150,-120.029626,37.75972
Nevada,47,-121.05948,39.20427
Inyo,5443,-118.95309,37.75985
Modoc,2652,-120.3178,41.2649
Santa Barbara,12518,-120.54421,34.63445
Santa Barbara,215,-120.55297,34.75134
Butte,130,-121.42647,39.4403
Sutter,300,-121.78003,39.188321
Amador,45,-120.8416,38.5212
Tuolumne,1080,-120.32484,37.79635
Fresno,70,-119.5327,36.6543
Shasta,100,-121.93923,40
Sonoma,1547,-122.82895,38.80017
Plumas,248,-121.32,39.92
Santa Clara,4474,-121.85318,37.10632
Fresno,2100,-119.25959,36.94536
El Dorado,176,-120.10744,38.93449
San Diego,28,-117.158475,33.254355
Los Angeles,4824,-118.335,34.31
Tulare,10,-118.551,36.217
Tulare,4347,-118.551,35.984
Fresno,30,-119.94083,35.92436
Butte,0,-121.55633,39.51158
Shasta,45,-121.85645,40.48712
Modoc,380,-120.58342,41.16716
Riverside,15,-116.08003,33.56777
Fresno,5738,-120.26561,36.07228
Monterey,10,-121.34695,36.44141
Fresno,976,-120.206592,36.530836
Fresno,126,-120.6585,36.5355
San Bernardino,150,-117.45646,34.30104
Riverside,1350,-117.30693,34.00566
Riverside,12,-117.5048,33.7866
Kern,19,-118.30601,35.71704
San Luis Obispo,130,-120.22647,35.78286
San Luis Obispo,12,-120.3317,35.6879
Fresno,400,-120.2445,36.45491
Kern,31,-118.4683,35.60001
Merced,1800,-120.89261,36.96655
Monterey,20,-120.92482,35.77082
Riverside,17,-116.99229,33.88466
Kern,41,-118.90004,35.05076
San Luis Obispo,225,-119.87525,35.21177
Kern,288,-118.84466,35.41283
Monterey,18,-120.86682,36.1727
Monterey,17,-120.94328,36.2771
Madera,150,-119.79315,36.90967
San Luis Obispo,225,-120.76464,35.34541
Fresno,10343,-120.37116,36.12089
Kings,20,-119.91508,35.983
Riverside,14,-117.44148,33.97155
Fresno,70,-120.5828,36.60736
Merced,12,-121.07761,37.21812
San Luis Obispo,0,-120.80411,35.85253
San Diego,486,-117.32348,33.3906
San Diego,2056,-116.80527,32.65597
San Luis Obispo,17,-120.474,35.556667
Kern,506,-118.85896,35.4605
Riverside,10,-117.17773,33.94673
Santa Barbara,190,-119.8036,34.9465
San Diego,25,-116.29296,32.679
San Benito,21,-120.99552,36.35578
Riverside,35,-117.20507,33.96419
San Diego,1000,-117.39818,33.34988
Riverside,120,-116.99651,33.88287
Kern,10,-118.35296,34.87128
Fresno,16,-119.58292,36.96642
Riverside,48,-116.07429,33.58577
Calaveras,15,-120.83484,38.19906
Fresno,18,-120.7109,36.61332
San Bernardino,16,-116.55326,34.04412
Tulare,79,-119.00334,35.89423
Yuba,10,-121.376,39.23205
Sacramento,68,-121.11113,38.33707
Riverside,26,-116.59719,33.94788
Kern,16,-119.2877,35.188
Modoc,42,-120.53443,41.38247
Riverside,27,-116.96079,33.82165
Los Angeles,25,-118.37539,34.29931
Kern,33,-118.4642,35.60633
Tehama,78,-122.13088,40.38944
Lassen,67,-120.1064,40.03392
Riverside,10,-116.88097,33.87107
Contra Costa,20,-122.2102,37.86549
Kern,10,-118.796513,35.564124
Butte,91,-121.64897,39.52499
Siskiyou,46,-122.4571,41.8721
Tulare,339,-118.87676,36.45809
Madera,157,-120.0193,37.12759
Kern,206,-118.47939,35.59804
Kern,35,-118.84134,35.37351
Monterey,14,-120.52508,35.80375
Madera,1431,-119.8011,37.0825
Fresno,186,-120.405077,36.704679
Napa,22,-122.2654,38.68347
Monterey,32,-120.983684,35.902149
Fresno,450,-120.369347,36.616986
Fresno,76,-119.35901,36.8005
Tuolumne,38,-120.45268,37.85137
Riverside,33,-116.972036,33.584036
San Diego,50,-117.29509,33.23281
Tulare,135,-118.74542,35.8556
Riverside,20,-116.85226,33.52584
San Luis Obispo,150,-120.3187,35.6871
Mariposa,63,-120.0088,37.36914
Riverside,105,-116.884446,33.950382
Riverside,28,-117.11659,33.79925
Butte,134,-121.75417,39.69717
Riverside,10,33.939428,117.138741
Monterey,32,-120.93371,35.90092
Los Angeles,800,-118.60703,34.55607
Tehama,60,-122.83208,40.32063
Riverside,10,-116.9669,33.90965
Riverside,153,-117.21314,33.98639
Madera,25,-119.95136,37.02081
Kern,1522,-118.66733,35.53456
Riverside,26,-117.31924,33.71025
Siskiyou,56,-122.36545,41.93006
Solano,39,-122.23004,38.07481
San Bernardino,1503,-116.826,34.2976
Sierra,168,-120.02325,39.71101
Stanislaus,65,-120.68992,37.82934
Santa Clara,54,-121.76323,37.33454
Butte,21,-121.4143,39.364
Butte,111,-121.5786,39.38416
Fresno,357,-120.65185,36.27306
Tehama,42,-122.27379,40.10282
Tulare,0,-119.50606,36.51912
Los Angeles,760,-118.49343,34.37443
San Diego,36,-116.77342,33.1683
Riverside,6309,-116.594422,33.530045
Siskiyou,19,-122.645079,40.703775
San Luis Obispo,1598,-120.4992,35.4025
Sacramento,35,-120.92162,38.45822
Marin,38,-122.65749,37.9775
San Diego,25,-116.8516,32.7789
San Bernardino,670,-117.17813,34.14575
Del Norte,28,-124.19629,41.93323
Santa Clara,85,-121.71752,37.3344
Monterey,15,-120.87492,35.947
Modoc,562,-121.29581,41.85763
Mariposa,630,-119.9646,37.3762
San Diego,0,-117.58252,33.43513
Kern,1200,-118.80123,35.38298
Monterey,42,-121.08753,35.96275
Los Angeles,55,-118.58624,34.03941
Los Angeles,41,-118.70294,34.10446
Shasta,128,-122.0122,40.69554
Nevada,10,-121.06656,39.08382
Riverside,11,-117.096233,33.913089
Butte,14,-121.6268,39.8629
Mariposa,225,-119.921,37.4591
Fresno,1538,-120.620791,36.269125
Riverside,30,-117.25411,33.96896
Riverside,10,-116.99321,33.91806
Riverside,50,-117.16215,33.87739
San Benito,34,-121.30983,36.85596
San Bernardino,13,-117.3125,34.304722
Fresno,57,-119.51592,36.81476
Riverside,35,-117.48405,33.99316
Butte,18,-121.54722,39.53944
Ventura,50,-118.98603,34.20599
Siskiyou,0,-122.73031,41.86609
Riverside,205,-117.48195,33.85323
Tulare,21,-118.81979,36.10858
Siskiyou,469,-122.8428,41.3975
El Dorado,74,-120.97111,38.7803
Stanislaus,62,-120.4925,37.64898
Fresno,91,-119.65621,36.95104
Calaveras,22,-120.67848,38.20176
Yolo,2269,-122.0251,38.49521
Kern,1626,-119.08312,35.59904
San Luis Obispo,28687,-120.3223,35.0179
Lassen,0,-120.9643,40.6361
Kern,2940,-118.89627,35.77896
Siskiyou,0,-123.474,41.841
Madera,90,-120.02027,37.09773
Riverside,33,-117.314994,33.763304
Butte,6033,-121.41222,39.45352
San Bernardino,74,-117.06765,34.07612
San Luis Obispo,58,-120.62825,35.346
Mariposa,36,-120.34802,37.65963
Contra Costa,231,-121.78677,37.87808
Shasta,10,-122.38619,40.48972
Santa Barbara,18430,-119.9494,34.55096
Modoc,410,-121.30451,41.72163
Siskiyou,27276,-123.501,41.59
San Luis Obispo,340,-120.47322,35.42433
Contra Costa,370,-122.25544,38.02929
Yuba,50,-121.303,39.06308
El Dorado,13,-121.06088,38.67474
"Monterey, San Luis Obispo",1816,-120.57894,35.86949
Tehama,29,-122.42606,40.29118
Kings,48889,-120.20014,35.93273
Butte,166,-121.53865,39.37192
Sierra,747,-120.027222,39.439722
Santa Clara,70,-121.68562,37.25014
Butte,10,-121.33785,39.50475
Santa Barbara,50,-120.13249,34.72379
San Bernardino,460,-117.10567,34.09773
San Diego,400,-116.85396,32.84796
Lassen,83733,-120.14013,40.07045
Santa Clara,101,-121.8179,37.39801
Calaveras,59,-120.85322,38.18303
Riverside,32,-117.07975,33.62613
San Bernardino,46,-117.189,34.149
Marin,35,-122.77846,38.08055
Riverside,10,-117.24091,33.77896
Monterey,40,-121.74826,36.66684
Mendocino,900,-123.28825,39.30125
Mariposa,81826,-120.21321,37.61757
Mendocino,20,-123.10227,39.13207
Fresno,1649,-120.55579,35.95911
Colusa,70,-122.20127,39.01224
Calaveras,117,-120.62177,38.29113
Modoc,15,-120.56933,41.45589
Lake,40,-122.62382,38.86056
Tulare,59,-118.78928,36.18815
Kings,2312,-120.05404,36.05187
Humboldt,19,-123.57562,40.39799
Kern,1083,-119.44751,34.94373
Shasta,180,-122.43608,40.47106
Riverside,72,-117.25075,33.75526
Tulare,58,-118.99944,36.64404
Glenn,0,-122.17657,39.75425
Tulare,2289,-118.94252,36.0226
Siskiyou,0,-123.508,41.702
Tuolumne,124,-120.36005,37.90014
Los Angeles,135,-118.851943,34.792882
Riverside,63,-117.18552,33.81976
Stanislaus,19,-120.65764,37.81827
Butte,103,-121.74121,39.76243
Plumas,4310,-120.9761,39.9034
Tuolumne,690,-120.408135,37.905545
San Luis Obispo,47,-120.5634,35.06472
Nevada,10,-120.97586,39.36902
El Dorado,140,-120.70013,38.559707
Tulare,416,-119.06598,36.22265
Sacramento,1286,-121.104,38.5181
Santa Clara,51,-121.84108,37.44485
Del Norte,319,-123.506,41.478
San Bernardino,85,-117.14466,34.20152
San Diego,255,-116.66107,33.34659
San Bernardino,20,-117.199,34.139
El Dorado,13,-120.73757,38.69775
San Luis Obispo,150,-120.23656,35.7751
Yuba,39,-121.3519,39.06522
Santa Clara,78,-121.55552,36.96607
San Bernardino,170,-117.03031,34.41204
Tehama,57,-122.3209,40.1583
Nevada,15,-120.95498,39.16826
Tuolumne,20,-120.31157,37.65986
Shasta,17,-122.17384,40.69259
Siskiyou,155,-121.9741,41.9808
El Dorado,236,-121.039267,38.538332
Kern,1350,-118.654,35.543
Sonoma,11,-122.90217,38.70289
San Bernardino,100,-117.26969,34.19076
Riverside,200,-117.396404,33.689092
Trinity,32,-123.39253,40.79902
San Luis Obispo,70,-120.2913,35.4403
San Luis Obispo,460,-120.28037,35.40357
Modoc,0,-120.304,41.338
Humboldt,85,-123.76099,40.11794
San Bernardino,325,-117.03826,34.08492
Los Angeles,10,-117.85182,34.23925
Humboldt,30,-123.64281,40.27582
Lake,62,-122.81135,38.94599
Riverside,122,-117.239099,34.009026
Kern,50,-118.47307,35.70639
Plumas,1020,-120.1397,39.75371
Lassen,530,-120.74968,41.11989
Lassen,859,-120.066,39.888
Riverside,92,-116.8247,33.57139
Monterey,82,-120.64584,35.86596
Trinity,4736,-123.36882,40.17598
Kern,338,-118.9267,34.92907
Santa Clara,100,-121.68165,37.14653
Tehama,15,-122.5415,39.87983
Napa,114,-122.2483,38.49336
Riverside,19,-117.124538,33.797216
San Luis Obispo,775,-120.77485,35.7908
Siskiyou,41,-122.9401,41.99279
Riverside,1044,-117.30819,33.98212
Mariposa,125,-120.30046,37.62823
Mariposa,8094,-119.618,37.644
Mariposa,7000,-119.598,37.538
Riverside,545,-116.88066,33.95036
Shasta,17,-121.5935,40.92602
Riverside,168,-117.00258,33.87679
Yuba,867,-121.32957,39.1234
Plumas,186,-120.89746,39.9864
Siskiyou,78698,-123.474,41.841
Tulare,2295,-118.296,36.257
San Diego,200,-116.42907,32.65003
Siskiyou,3142,-123.676,41.853
Modoc,7697,-120.321,41.466
Alameda,200,-121.90516,37.72543
Fresno,31,-120.443545,36.099681
San Diego,62,-116.46989,33.20988
Lassen,157,-120.48641,40.80968
Tehama,40,-122.70449,40.29831
Fresno,111,-119.43376,36.93332
Alameda,44,-121.56425,37.56181
Sonoma,18,-122.71998,38.26294
Riverside,46,-117.3968,33.6444
Fresno,69,-119.28241,36.7279
Humboldt,40,-123.63721,41.02705
Amador,10,-120.72274,38.34421
Tulare,36556,-118.74103,36.15356
Siskiyou,54,-122.27499,41.222
Butte,4016,-121.30209,39.57701
Madera,12407,-119.64622,37.44663
Lassen,6042,-120.22215,40.43962
Siskiyou,55,-121.90077,41.99483
Mono,8925,-119.55425,38.655
Modoc,28,-120.36659,41.4844
Nevada,392,-121.12004,39.34292
Modoc,27,-120.31814,41.64469
Fresno,102,-120.32685,36.36113
Humboldt,34,-123.64214,40.03697
Trinity,21846,-123.10003,40.76025
Riverside,85,34.015742,117.337331
Los Angeles,30,-118.62882,34.52055
San Diego,130,-116.76997,32.6001
Stanislaus,5247,-119.782,38.329
Riverside,34,-117.33364,33.73547
Stanislaus,1749,-119.941,38.12
Shasta,25,-122.02525,40.71923
Kern,1319,-118.406,35.76
Los Angeles,7194,-118.2674,34.22957
Madera,1035,-119.48067,37.21616
Fresno,100,-120.52189,36.09486
Riverside,3874,-117.09984,33.97471
San Luis Obispo,120,-120.50886,35.31886
Lake,21,-122.49327,39.01748
Plumas,79,-120.9204,40.13278
Santa Clara,100,-121.59899,36.99092
Mariposa,680,-119.83556,37.37397
Lassen,18618,-119.93499,40.69573
San Luis Obispo,25,-121.04445,35.76343
Siskiyou,54,-122.292,41.222
Trinity,32,-123.375,40.804
Tuolumne,39,-120.504134,37.896778
San Diego,25,-116.61609,32.59252
Mariposa,0,-119.78256,37.73596
San Luis Obispo,74,-120.56068,35.5956
Monterey,43,-120.87609,36.17297
Plumas,2575,-120.75485,39.75312
Fresno,10,-119.32109,37.10067
Lake,200,-122.85194,39.44543
Butte,143,-121.56858,40.07613
Siskiyou,39715,-123.218,42.039
San Mateo,50,-122.3001,37.41591
Shasta,995,-121.81623,40.98352
Del Norte,40,-124.01168,41.98128
Butte,12,-121.60683,39.44257
Lake,58,-123.03344,39.42604
Trinity,13417,-123.03583,40.2275
El Dorado,136,-120.915,38.5758
Madera,429,-120.015509,37.14624
Mendocino,146,-123.1362,39.02482
Alameda,155,-121.49925,37.63358
Fresno,237,-120.31598,36.24653
Madera,48,-120.90462,36.94652
San Luis Obispo,245,-120.39387,35.12269
Mariposa,10,-120.15846,37.76888
Butte,28,-121.7127,39.8255
Solano,55,-122.0041,38.4446
Yuba,26,-121.40947,39.03168
Alameda,22,-122.169,37.77982
San Luis Obispo,105,-120.65279,35.3024
Orange,2662,-117.68598,33.8668
Tulare,18900,-118.48555,36.27138
Santa Barbara,444,-120.4393,34.67403
Kern,40,-118.46734,35.59302
Riverside,35,-117.10301,33.74925
Solano,100,-121.97233,38.43658
Mariposa,17,-119.87465,37.41231
Tehama,20,-122.24731,40.20077
Lake,87,-122.576,39.15016
Shasta,40,-122.24199,40.70627
Sonoma,20,-123.24713,38.51937
Tehama,10,-122.255,40.24789
Humboldt,20,-123.96844,40.88516
Butte,8417,-121.52966,39.62496
"Napa, Solano",51624,-122.24367,38.39206
"Napa, Sonoma",36807,-122.62879,38.60895
"Napa, Sonoma",56556,-122.5209,38.4041
Napa,0,-122.39052,38.31802
Butte,6151,-121.40613,39.39455
Yuba,9989,-121.4021,39.32198
Nevada,76,-121.08406,39.19325
Mendocino,36523,-123.16635,39.24873
Calaveras,130,-120.52953,38.40234
Sonoma,1660,-122.47301,38.14242
San Luis Obispo,45,-120.44448,35.28738
Kern,50,-118.56578,35.21556
Lake,2207,-122.64543,39.01387
Nevada,821,-121.12792,39.24549
Butte,150,-121.67261,39.74679
Orange,9217,-117.70975,33.87041
Riverside,866,-117.34192,33.60247
Tehama,194,-121.91425,40.02261
Fresno,58,-119.2288,36.7528
Sonoma,17357,-122.90939,38.76549
Santa Cruz,391,-122.07012,37.18356
Los Angeles,50,-118.05545,34.22551
Trinity,148,-123.51619,40.46836
Kern,183,-118.76152,35.19008
San Diego,25,-116.50897,33.18716
Nevada,19,-121.13737,39.06414
El Dorado,29,-120.46234,38.77921
Riverside,23,-117.02132,33.50488
San Bernardino,34,-117.40625,34.21829
San Bernardino,260,-117.33334,34.16564
Riverside,50,-117.00589,33.8826
San Bernardino,40,-117.4982,34.13534
Kern,184,-118.701,35.3091
San Luis Obispo,73,-120.96514,35.78616
El Dorado,426,-120.287,38.848
Lake,100,-122.57487,39.0199
Sonoma,100,-122.58152,38.46123
Sonoma,0,-122.64001,38.36685
Monterey,31,-121.80377,36.5858
Alameda,116,-121.85663,37.7393
San Diego,1088,-117.402445,33.402411
Stanislaus,13,-120.84748,37.89532
Los Angeles,6049,-118.58188,34.45283
Los Angeles,15619,-118.35863,34.31283
"Santa Barbara, Ventura",281893,-119.09124,34.41521
Riverside,40,-117.4764,33.96514
Tehama,43,-122.28165,39.81517
Mono,370,-119.48284,38.46111
San Diego,81,-117.46709,33.38613
Riverside,40,-116.50151,33.90327
Ventura,86,-119.30918,34.34949
San Luis Obispo,21,-120.00353,35.41112
San Benito,47,-121.00391,36.38109
San Diego,100,-116.37345,32.64962
San Bernardino,99,-116.940661,34.035344
San Diego,4100,-117.163,33.3237
Riverside,300,-117.14979,33.59257
Riverside,19,-116.91023,33.88994
Los Angeles,422,-118.48178,34.09454
Santa Barbara,14,-120.27077,34.71796
Santa Barbara,14,-120.414875,34.605358
Riverside,45,-117.38417,33.9885
El Dorado,80,-119.61865,38.869036
Monterey,50,-121.28185,35.96689
Inyo,2070,-118.50235,37.40208
Alameda,12,-121.6039,37.73835
Riverside,1261,-117.05992,33.62924
Riverside,15,-116.164058,33.711263
Santa Barbara,258,-119.76576,34.0232
Shasta,11,-121.77419,40.4635
Riverside,21,-117.48144,33.86439
San Diego,12,-116.58759,33.12213
Siskiyou,127,-122.48556,41.65935
Riverside,18,-117.16232,33.88744
Plumas,20,-120.18499,39.89075
Santa Barbara,60,-120.18236,34.74245
San Diego,18,-117.27467,33.40178
San Diego,300,-117.502405,33.389425
Merced,1756,-120.77206,36.85156
Riverside,70,-117.148204,33.504964
Riverside,15,-117.003829,33.467999
Inyo,1265,-118.08449,36.71537
Humboldt,0,-123.55012,40.70258
Riverside,73,-117.32281,33.67815
Tulare,26,-118.9821,35.826333
Tehama,103,-122.21032,40.31759
Siskiyou,27,-122.513883,41.791859
Merced,88,-121.01638,37.056944
Napa,12,-122.23059,38.16303
San Diego,59,-117.03134,33.35505
Madera,56,-119.75307,37.0979
San Luis Obispo,100,-120.12441,35.56922
Fresno,108,-119.42172,36.75581
Santa Clara,16,-121.76828,37.21803
Riverside,10,-116.10231,33.53924
Glenn,75,-122.58666,39.65578
Stanislaus,63,-121.10903,37.32744
San Luis Obispo,25,-120.64028,35.71859
Alameda,484,-121.57918,37.75375
Yolo,14,-122.01762,38.64953
Glenn,127,-122.65582,39.46543
Tehama,23,-122.29388,40.201826
Contra Costa,23,-121.86473,37.99113
Orange,175,-117.72044,33.55132
Riverside,10,-117.22215,33.45014
Fresno,13,-120.55324,36.10499
Tehama,10,-122.3307,39.80827
Riverside,11,-117.31468,33.47413
Riverside,17,-117.28189,33.742
San Benito,35,-121.36446,36.83036
San Luis Obispo,12,-120.91793,35.75737
Siskiyou,37,-122.33769,41.58233
San Diego,38,-117.06782,32.78031
San Diego,10,-116.92404,32.75072
Los Angeles,1352,-118.31138,34.5486
Siskiyou,12,-122.98442,41.64805
San Benito,1314,-120.99322,36.40755
San Benito,513,-120.901167,36.378333
Madera,300,-119.623981,37.10181
San Benito,64,-121.03253,36.64832
Sonoma,10,-122.44408,38.245151
San Diego,12,-117.22974,33.40769
San Diego,265,-116.46674,32.63046
San Joaquin,62,-121.09199,38.24033
Merced,200,-120.24315,37.33924
Tehama,2956,-122.3571,39.94355
Glenn,2290,-122.58218,39.64978
Marin,12,-122.5275,37.97638
Los Angeles,175,-122.5275,37.97638
Monterey,96,-121.11936,35.9352
San Benito,215,-120.862579,36.37532
San Luis Obispo,60,-120.670311,35.663607
Orange,155,-117.746625,33.787838
Riverside,154,-117.654299,33.925862
Los Angeles,20,-118.427886,34.110516
Tehama,70,-122.135924,40.394073
Riverside,20,-116.821724,33.524412
Butte,20,-121.617698,39.602703
San Luis Obispo,60,-120.624135,35.58354
Lassen,646,-120.36403,40.3768
Merced,4564,-120.34207,37.39339
Madera,60,-119.91223,37.14663
Mariposa,53,-119.84299,37.47677
Butte,40,-121.521111,39.549167
Lake,32,-122.476381,38.886518
Contra Costa,25,-121.998967,38.015323
Amador,17,-120.892404,38.265645
Alameda,20,-121.806775,37.627119
Merced,185,-121.176354,37.05876
Mariposa,115,-120.199162,37.707234
Contra Costa,40,-121.908976,37.779209
Monterey,10,-120.57833,35.77017
San Luis Obispo,1500,-120.75593,35.73629
San Luis Obispo,10,-120.39295,35.05747
Shasta,328,-122.17457,40.52909
Tehama,3716,-121.77867,40.35068
Tehama,170,-122.19792,40.12791
Tehama,268,-122.27574,40.18395
Lake,15185,-122.59848,39.0674
Los Angeles,62,-118.75495,34.53765
Colusa,75,-122.512012,39.2976
Kern,95,-118.72905,35.1234
Shasta,1678,-122.42308,40.50318
Tuolumne,163,-120.30187,37.80785
Calaveras,80,-120.68902,37.95766
Merced,68,-121.09354,37.08529
Mendocino,90,-123.38493,39.038859
San Joaquin,12300,-120.945482,38.052055
Butte,10,-121.954098,39.6139
Trinity,300,-122.9144,40.60402
Monterey,375,-120.86256,35.95515
Madera,4064,-119.118,37.571
Fresno,76,-119.304499,36.696879
Butte,347,-121.78208,39.59872
San Luis Obispo,260,-120.71488,35.33916
Lassen,441,-120.45053,40.316137
Siskiyou,63,-122.99272,41.83359
Butte,191,-121.637759,39.491737
Sacramento,30,-121.17693,38.595865
Contra Costa,268,-121.9921,37.94714
Santa Clara,70,-121.67144,37.66074
San Bernardino,33,-117.15381,34.17711
"Napa, Yolo",90288,-122.18183,38.80583
Riverside,63,-116.732032,33.56349
Tehama,33,-122.44008,40.00293
Madera,12,-119.50461,37.22791
Siskiyou,215,-123.051,41.085
San Diego,504,-116.7311,32.833674
Contra Costa,45,-122.12351,37.86339
San Diego,10,-116.764733,32.619855
El Dorado,316,-121.059979,38.539806
Siskiyou,38008,-122.534655,41.893332
Amador,825,-120.95408,38.42623
San Bernardino,1350,-116.958806,34.095568
Modoc,2100,-120.11461,41.29363
Santa Barbara,113,-119.831389,34.463889
Santa Clara,116,-121.53586,37.06367
Butte,962,-121.76859,39.77124
San Bernardino,12,-117.35606,34.171786
Mariposa,96901,-119.88581,37.6549
Kern,62,-118.87881,34.86022
Butte,11,-121.51772,39.66492
Santa Clara,70,-121.79189,37.22545
Santa Clara,51,-121.702547,37.163594
Modoc,52,-120.61108,41.50105
San Benito,278,-121.0454,36.65351
Inyo,2883,-118.21881,36.6734
Shasta,31,-122.23449,40.62693
Contra Costa,56,-121.85311,37.79718
Alameda,640,-121.60646,37.75646
San Bernardino,100,-117.40967,34.22526
Madera,11,-119.80414,37.19817
Lake,80,-122.59789,39.06715
Tehama,856,-121.93908,40.33682
San Benito,116,-120.82355,36.59036
Lassen,14,-120.02137,39.99309
Siskiyou,224,-122.47293,41.70877
Lassen,56,-121.21597,40.95234
Humboldt,16,-123.85404,41.34453
Lassen,32,-121.05722,41.08583
Lassen,89,-121.27049,40.94666
Tehama,50,-122.11375,40.27754
Humboldt,3674,-123.688056,41.07944
San Luis Obispo,14,-120.97339,35.70086
San Diego,28,-116.8663,32.557566
Siskiyou,10,-122.37985,41.632373
Santa Barbara,77,-120.3180556,34.54305556
Yolo,822,-121.9938889,38.59694444
Butte,43,-121.43131,39.57202
Mariposa,40,-119.97546,37.28365
San Diego,13,-116.78928,33.04898
Riverside,282,-117.607577,33.836101
Shasta,63,-122.649626,40.741186
Santa Barbara,110,-120.22298,34.62412
Lake,50,-122.86854,38.91152
San Luis Obispo,30,-120.95157,35.68539
San Luis Obispo,37,-120.71907,35.64917
Santa Clara,320,-121.88807,37.449425
Mendocino,67,-123.258319,39.279833
Tulare,34,-118.70443,36.42638
"Shasta, Trinity",229651,-122.62357,40.65428
Los Angeles,128,-118.60441,34.38039
Riverside,40,-116.154398,33.56921
Lake,36,-122.97222,38.981389
Shasta,51,-121.90215,40.824
Lassen,167,-120.82497,40.34822
Santa Clara,20,-121.600023,37.07793
Contra Costa,247,-121.85847,37.89612
San Benito,39,-121.40604,36.796
Alameda,34,-121.55604,37.71173
Mendocino,106,-123.0496,38.8802
San Diego,365,-116.91845,33.07892
Riverside,205,-116.500058,33.571763
Calaveras,136,-120.46078,38.08424
Mariposa,22,-120.0545,37.69965
Alameda,30,-121.79733,37.533026
Kern,2950,-118.83556,35.37444
"Colusa, Glenn, Lake, Mendocino",410203,-123.103367,39.243283
Tulare,100,-118.82989,36.21634
"Colusa, Lake, Mendocino",48920,-123.11971,39.04786
Kern,993,-118.817934,35.387408
Lassen,18703,-120.868091,40.633536
Tuolumne,36450,-119.929,38.349
Inyo,338,-118.970443,37.735461
Riverside,30,-117.43521,33.85852
San Diego,207,-117.24044,33.41476
Sutter,1200,-121.792885,39.186144
Napa,135,-122.18353,38.51943
Mendocino,972,-123.08489,39.82877
Shasta,35,-121.6002,40.95673
San Luis Obispo,51,-120.64398,35.30151
San Diego,14,-116.77154,33.05737
El Dorado,67,-120.874167,38.645
El Dorado,66,-121.03918,38.82128
Placer,700,-121.451307,38.82426
Monterey,2225,-120.343056,35.847778
Orange,23136,-117.52055,33.69888
Riverside,35,-117.460278,33.759722
Calaveras,290,-120.872244,38.061298
Plumas,117,-121.27,39.996944
Kings,2995,-119.98329,35.97896
Marin,45,-122.76751,38.07135
Kern,114,-118.8013889,35.56888889
Shasta,46150,-122.219,40.896
Riverside,23,-117.066643,33.946896
San Diego,250,-116.902985,33.076239
Shasta,1900,-121.52225,40.99344
Napa,10,-122.26389,38.27229
Contra Costa,30,-122.14097,37.99618
Napa,2490,-122.44468,38.69601
Solano,2162,-122.043747,38.431278
Kern,34,-118.51651,35.17156
Nevada,16,-121.07039,39.10494
San Diego,100,-117.0242529,33.0971179
Monterey,650,-120.82226,36.00912
Tulare,668,-118.7393,35.79012
Modoc,39387,-121.04386,41.38544
Alameda,48,-122.02805,37.69926
Kern,367,-118.6525,35.51777778
Shasta,155,-122.8905556,40.36888889
Santa Barbara,1014,-120.0922222,35.11416667
Riverside,10,-117.171731,33.627006
Madera,289,-120.002619,37.197039
Riverside,32,-117.20534,33.97902
Madera,88,-119.431667,37.179167
Lake,103,-122.57496,39.02017
Riverside,36,-117.085354,33.640051
Los Angeles,166,-117.846111,34.2325
Lake,60,-122.3625,38.8275
Santa Barbara,172,-119.61416,34.576944
Modoc,15,-120.72362,41.52123
San Bernardino,125,-117.244366,34.15475
"Shasta, Trinity",63311,-122.43,40.9425
Lake,24,-122.85276,38.91842
Placer,1120,-120.658333,39.268611
El Dorado,150,-120.92611,38.94388
Shasta,13,-122.400556,40.678889
Tuolumne,573,-120.61746,37.83388
Trinity,1751,-123.52019,40.616251
Mono,6974,-119.45186,38.347395
Monterey,400,-121.1563,36.35502
Marin,152,-122.727,38.02447
Kern,200,-118.92485,34.91482
Riverside,25,-116.93188,33.80406
El Dorado,12,-120.65672,38.7448
Los Angeles,3380,-118.60858,34.48229
Madera,360,-119.68912,37.38789
Lassen,53,-120.93005,40.33642
Tehama,261,-121.43025,40.34256
Shasta,76,-122.17173,40.5939
Santa Clara,30,-121.75815,37.33563
Butte,33,-121.62168,39.84151
San Luis Obispo,80,-120.258,-120.258
San Bernardino,53,-117.42431,34.24138
Monterey,150,-121.24898,35.97677
Fresno,32,-119.3127769,36.938674
Tehama,3889,-122.18,40.22027778
Santa Clara,63,-121.6869444,37.1769444
Siskiyou,15,-122.43933,41.94046
Solano,160,-121.94658,38.45673
Monterey,167,-120.69955,36.18401
Shasta,12,-122.51597,40.49618
Shasta,38,-122.38366,40.60866
Butte,10,-121.54103,39.93427
San Luis Obispo,58,-120.48861,35.17693
Tulare,120,-119.10433,36.47766
Butte,550,-121.51707,39.36529
Santa Cruz,17,-122.046,37.0125
Mendocino,35,-123.28774,39.62194
Butte,153336,-121.4347,39.8134
Tehama,60,-122.308479,40.346652
Lassen,88,-120.19336,40.83116
Solano,1500,-121.9424,38.21396
Ventura,4531,-118.93444,34.22685
"Los Angeles, Ventura",96949,-118.70128,34.235
Humboldt,30,-123.6755556,40.61805556
Butte,0,-121.77385,39.71217
Contra Costa,20,-121.7944,37.81111
Humboldt,10,-124.001849,40.888785
San Bernardino,147,-117.43184,34.18075
Alameda,20,-121.94182,37.61158
Ventura,150,-119.0991667,34.30166667
Ventura,186,-118.6438159,34.26734825
Santa Cruz,10,-122.12036,37.12857
Yuba,80,-121.32399,39.24678
Kings,161,-120.09715,35.81778
Butte,10,-121.957,39.83958
Kern,115,-118.92545,35.65189
Butte,50,-121.905,39.85484
Kern,172,-119.19454,35.03855
Kern,2500,-119.62762,35.72057
Placer,65,-120.76088,39.11536
San Diego,22,-116.8663,32.557566
Riverside,130,-116.172534,33.650237
Tehama,63,-122.30737,39.98097
Riverside,26,-117.18194,33.81678
San Luis Obispo,835,-119.96498,35.30759
Fresno,121,-119.3046,36.66909
Riverside,45,-114.57265,33.69078
Santa Clara,144,-121.22093,37.45899
Riverside,55,-116.1466,33.57039
Tulare,155,-119.10974,36.28001
Tulare,257,-118.99229,36.18479
Tulare,33,-118.85712,36.23012
Tulare,25,-118.80582,36.14246
San Luis Obispo,1127,-119.913717,35.343761
Contra Costa,23,-121.9763,38.02503
Solano,24,-122.12214,38.21416
Placer,27,-121.39259,38.75263
Stanislaus,600,-121.09375,37.25988
Yuba,70,-121.56363,39.15641
Yolo,2512,-122.23922,38.88978
Napa,50,-122.47282,38.63047
Sutter,1350,-121.85906,39.28926
San Luis Obispo,1764,-120.41128,35.66318
Santa Clara,210,-121.70768,37.21638
Santa Clara,35,-121.84082,37.44422
Monterey,43,-120.88241,35.97059
Tulare,47,-118.94106,35.89593
San Luis Obispo,120,-120.11738,35.57376
San Diego,15,-116.97772,33.30267
Butte,17,-121.73659,39.76242
Siskiyou,17,-122.35962,41.64895
Siskiyou,10,-122.40157,41.94622
San Diego,120,-117.29665,33.39684
Siskiyou,207,-121.85906,39.28926
Riverside,525,-117.103765,33.919507
Alameda,30,-121.57382,37.75427
Tehama,46,-122.48277,39.97083
Yuba,80,-121.32399,39.24678
Stanislaus,2422,-121.28312,37.46577
Monterey,2546,-120.94771,36.28426
Shasta,90,-122.66779,40.41404
Santa Clara,17,-121.534827,37.494136
Placer,148,-121.39419,38.73817
Riverside,20,-117.15738,33.80493
Nevada,2,-121.0005556,39.40972222
San Diego,28,-116.9141667,32.62305556
Riverside,214,-116.980528,33.911
Merced,210,-120.242411,37.312877
Butte,12,-121.23431,39.32889
Santa Clara,74,-121.694968,37.18904
San Joaquin,283,-121.538382,37.63206
Alameda,25,-121.3697,37.469
Contra Costa,24,-122.16201,37.99837
Shasta,30,-122.767256,40.41741
Lassen,263,-120.392768,40.679318
Yuba,38,-121.35014,39.06066
Mariposa,244,-120.296551,37.524378
San Luis Obispo,974,-120.2691667,35.63111111
Monterey,190,-120.8092,35.95191
Riverside,20,-116.953889,33.69055556
San Diego,100,-116.7525,32.566389
Riverside,80,-116.07896,33.56938
Alameda,22,-121.586846,37.093243
Shasta,30,-122.435492,40.463936
Riverside,96,-117.1228851,33.8128372
Lassen,193,-120.158273,40.072739
Ventura,131,-118.96,34.366111
Stanislaus,202,-120.84372,37.944751
Santa Clara,47,-121.7644444,37.32555556
Madera,213,-119.934167,37.016944
Riverside,81,-116.7884,33.514658
San Joaquin,90,-121.468074,37.962557
Modoc,128,-120.306,41.909
San Diego,25,-116.839743,32.794768
Stanislaus,35,-121.371276,37.420988
Calaveras,27,-120.78068,38.115224
Mariposa,149,-120.027731,37.241427
Kern,208,-118.9183333,34.9008333
Napa,64,-122.143942,38.481258
San Bernardino,81,-117.10318,34.42386
Butte,10,-121.579738,39.423833
Solano,183,-122.118889,38.158333
Santa Clara,80,-121.807258,37.433192
San Luis Obispo,95,-120.435278,35.004722
Siskiyou,83,-122.656569,41.834366
Siskiyou,35,-122.845,41.838
Mendocino,130,-123.846013,39.831762
San Bernardino,156,-117.769766,33.997528
Modoc,14217,-121.260305,41.79591
San Diego,150,-116.796032,32.767649
Santa Barbara,100,-119.94974,34.665699
Monterey,316,-120.984167,35.908333
Monterey,280,-121.466944,36.008889
El Dorado,13,-120.75664,38.757636
Kern,448,-118.41204,35.60989
San Diego,448,-117.026667,32.575556
Sacramento,84,-121.123611,38.3525
Sacramento,50,-121.114095,38.622058
Modoc,103,-120.23976,41.43783
Contra Costa,757,-121.872941,37.908362
Los Angeles,156,-118.752395,34.677864
San Bernardino,26,-116.4449,34.202883
Shasta,30,-122.25409,40.55924
Kern,29,-118.623651,35.287373
Riverside,94,-117.333728,33.740219
Contra Costa,58,-121.678172,37.968494
Lassen,130,-120.336977,40.886677
Lassen,107,-121.320838,40.900458
Lake,20,-122.7751,38.99174
Tuolumne,21,-120.420058,37.949747
Lassen,1020,-120.275298,40.943799
Alameda,240,-121.841879,37.708743
Yolo,33,-121.423281,39.171091
Riverside,20,-117.004667,33.909792
Shasta,46,-122.54364,40.46968
Mendocino,225,-123.195306,39.005262
Los Angeles,105,-118.342239,34.675542
Solano,81,-121.969167,38.455
El Dorado,16,-120.890556,38.703889
Colusa,20,-122.309167,39.088333
Santa Clara,60,-121.761974,37.219717
Shasta,156,-122.159393,40.484329
Mariposa,423,-120.208019,37.532028
San Diego,80,-116.760465,32.57394
El Dorado,35,-120.826165,38.652475
Mariposa,1300,-120.177018,37.536069
Alameda,139,-121.55867,37.71734
Shasta,600,-122.241944,40.715556
Riverside,34,-116.857817,33.4506
Lassen,131,-120.544,40.562
Lassen,2438,-120.029722,39.892222
Riverside,80,-117.487578,33.77777348
Santa Clara,35,-121.45597,37.034183
Riverside,12,-116.914799,33.463991
Lassen,3380,-120.581,40.593
Alameda,19,-121.657011,37.718636
Tulare,756,-119.030621,36.40193
Monterey,66,-120.992914,35.906482
Ventura,279,-119.3547,34.71011
Alameda,11,-121.596667,37.545167
San Benito,167,-120.8405,36.600167
San Bernardino,15,-117.343833,34.353667
El Dorado,85,-120.946657,38.898915
Santa Cruz,10,-122.07743,37.178353
Plumas,54612,-120.680556,40.061389
Riverside,1926,-117.273157,33.528469
Lake,28,-122.642572,38.910498
San Benito,17,-121.39478,36.732866
Tehama,8838,-122.64,40.12
San Joaquin,44,-120.945044,38.017138
Trinity,244,-123.222196,40.062304
Tehama,5332,-122.789,40.109
Mono,4840,-118.872,37.826
Modoc,5737,-121.056,41.748
Inyo,1975,-118.228,36.284
Tulare,381,-118.185,36.151
Inyo,10296,-118.345,37.034
Butte,58,-121.412333,39.470333
Lassen,260,-120.606,44.734
Siskiyou,1872,-122.662258,41.862237
Siskiyou,227,-123.2129356,41.4929742
Trinity,280,-122.634108,41.150392
Lake,53,-122.833831,38.955024
Butte,496,-121.412619,39.45296
Siskiyou,15,-122.740333,41.512917
Riverside,250,-117.3063,33.9369
Santa Barbara,200,-120.187368,34.630919
Riverside,10,-116.631106,33.496633
Stanislaus,190,-121.110146,37.32585
Riverside,34,-117.270144,33.854597
Stanislaus,11,-120.401028,37.492002
Riverside,520,-117.043723,33.4853
Siskiyou,91,-123.000833,41.749667
Riverside,167,-116.801111,33.635
Placer,604,-121.432636,38.751648
Santa Clara,128,-121.842751,37.467744
San Luis Obispo,220,-120.455883,35.214364
Riverside,98,-117.170588,33.900994
Calaveras,67,-120.827386,38.20177
Tuolumne,83,-120.625556,37.838333
Shasta,16,-122.039167,40.612556
San Diego,200,-116.806941,32.787656
Amador,10,-120.67131,38.332083
San Diego,52,-116.88,32.87833333
Solano,30,-122.2561111,38.07944444
Butte,300,-121.693472,39.622137
El Dorado,22,-120.965105,38.538467
Riverside,19,-117.033598,33.703546
Fresno,25,-120.634179,36.154184
San Luis Obispo,52,-120.1755,35.189783
Stanislaus,18,-121.336465,37.429506
Glenn,63,-123.4375,41.70611111
Mendocino,10,-123.458782,39.613783
Mariposa,5563,-119.96606,37.604638
Napa,526,-122.211671,38.165873
Santa Clara,29,-121.219163,37.066483
Tehama,11,-122.070055,40.314187
Alameda,12,-121.853,37.606
"Monterey, San Luis Obispo",289,-120.73102,35.79069
Tehama,68,-122.1604,39.847708
Tehama,10,-122.160416,39.847708
Contra Costa,40,-122.103867,37.828267
Riverside,9,-117.499619,33.827979
Riverside,350,-117.207068,33.975405
Riverside,1011,-117.059167,33.9925
Shasta,42,-122.19911,40.4988
Riverside,75,-116.897333,33.8615
Ventura,91,-118.950833,34.156389
Los Angeles,8799,-118.48161,34.32988
San Luis Obispo,30,-120.312856,35.709176
El Dorado,3435,-120.145,38.724
Ventura,200,-119.20187,34.23955
Lassen,55,-120.304341,40.387772
Riverside,75,-116.05898,33.45148
Contra Costa,15,-122.245186,38.045866
San Diego,10,-117.097441,32.762706
Santa Barbara,420,-120.190833,34.484722
Lake,25,-122.604425,38.88913
Fresno,137,-120.460189,36.319291
San Bernardino,11,-117.21545,34.033117
Los Angeles,42,-118.554091,34.055768
Sonoma,77758,-122.780053,38.792458
San Bernardino,145,-117.274276,34.183624
Marin,67,-122.636471,37.896231
Butte,80,-121.800538,39.551423
Los Angeles,4615,-118.368056,34.472778
San Mateo,62,-122.361112,37.166674
Alameda,35,-121.68598,37.62782
San Diego,97,-116.742508,33.055124
San Diego,37,-117.027333,33.259861
Tehama,605,-122.25421,40.00171
Contra Costa,200,-121.64118,37.99136
Contra Costa,150,-122.2241,38.03545
Solano,140,-122.22463,38.07205
Mendocino,703,-123.12887,39.22431
Contra Costa,50,-122.11092,37.97911
Los Angeles,745,-118.478717,34.098191
Ventura,1806,-118.803389,34.282179
Riverside,494,-117.4625,34.01778
Riverside,328,-117.414111,33.985972
San Diego,50,-116.834583,32.564583
San Bernardino,200,-117.285,34.183
Ventura,9999,-118.997115,34.302212
Riverside,19,-117.461363,33.849906
Tehama,2534,-122.637837,40.036379
Lake,75,-122.496548,39.100408
Placer,355,-121.325842,38.838992
Santa Barbara,3126,-119.785,34.5025
Humboldt,15,-123.6378411,40.511092
Sierra,102,-120.3291855,39.6923001
Tehama,75,-122.8472222,40.33583333
Lassen,57,-120.49392,40.62155
"Glenn, Mendocino",211,-122.9411111,39.75638899
Glenn,154,-122.384532,39.774968
Riverside,180,-117.51793,33.96957
Riverside,20,-117.40906,33.65263
Imperial,275,-115.5865,32.93432
Tehama,26,-122.43905,40.09554
Trinity,55,-122.97693,40.63442
Contra Costa,47,-121.595225,37.82066
Kings,2060,-120.106407,36.075003
Santa Barbara,156,-120.29379,34.47438
Butte,17,-121.47273,39.42208
Riverside,20,-117.024114,33.861054
Madera,152,-119.982359,37.11715
Napa,20,-122.403634,38.697834
San Luis Obispo,5000,-120.70524,35.34237
Riverside,60,-117.34934,33.83167
Contra Costa,60,-86.8616,35.9994
Santa Barbara,1395,-119.74577,34.01389
Madera,237,-119.93221,37.11806
Placer,650,-121.390862,38.824371
Mendocino,10,-123.48018,39.1296
Lassen,37,-120.288882,40.809323
Riverside,129,-116.524014,33.782532
Solano,300,-122.042199,38.232281
Santa Clara,19,-121.726223,37.329163
Shasta,15,-122.097933,40.837885
Santa Clara,126,-121.851895,37.229703
Placer,39,-121.340239,38.98487
Sonoma,141,-122.549816,38.224849
Solano,79,-122.156313,38.196893
Sonoma,107,-122.536406,38.216134
Solano,1837,-122.038208,38.470809
Contra Costa,100,-122.002811,37.994368
Monterey,211,-121.0781,36.2644
Mariposa,85,-120.215454,37.61955
Stanislaus,80,-121.16483,37.463636
Riverside,27,-117.37581,33.638067
Monterey,230,-120.81509,35.94979
Riverside,100,-117.46036,33.82925
Riverside,20,-116.89655,33.78275
El Dorado,29,-120.988571,38.827755
Mendocino,151,-123.21318,38.89695
San Diego,1100,-117.47166,33.37579
Ventura,289,-119.17808,34.29475
San Luis Obispo,1672,-120.00521,35.35146
Ventura,803,-118.77347,34.46182
San Diego,100,-116.7862,32.73044
San Diego,90,-116.690712,32.580882
Placer,40,-121.378879,38.733421
Sacramento,5042,-121.201927,38.520981
Fresno,533,-119.36572,36.82276
Mariposa,191,-120.08522,37.40827
Riverside,10,-117.461925,33.776033
Mendocino,34,-80.49163,39.14783
Santa Barbara,696,-120.28867,34.63309
San Luis Obispo,445,-120.69959,35.17977
San Benito,895,-120.92925,36.3011
San Luis Obispo,18,-120.56823,35.40953
Calaveras,1455,-120.72958,38.07741
Butte,95,-121.60037,39.52408
San Joaquin,89,-121.20828,38.23432
Tehama,68,-122.205628,40.000132
Monterey,83,-121.42113,35.9497
Kern,165,-118.6894,35.27678
Placer,110,-121.33956,38.89178
Tulare,130,-118.845123,36.37085
Butte,13,-121.45372,39.37577
Tulare,217,-118.8613,35.89133
Butte,89,-121.53976,39.36894
Modoc,11,-120.54161,41.5017
Tuolumne,10,-120.20316,38.08264
Monterey,195,-121.08753,35.90835
Monterey,52,-121.57407,36.69845
Tulare,1050,-119.19677,36.5537
Monterey,338,-120.87858,35.9789
San Luis Obispo,15,-120.68326,35.62906
Fresno,19,-119.33439,36.97511
Lassen,563,-120.28147,40.43203
Lassen,210,-120.04635,40.44793
Riverside,12,-115.96594,33.27665
Stanislaus,202,-121.18355,37.46265
San Luis Obispo,263,-119.88048,35.30742
Mono,280,-119.00289,38.22554
Riverside,59,-116.750925,33.565093
Merced,2192,-121.21912,37.06641
San Luis Obispo,33,-120.96759,35.69993
Lassen,12,-121.2199939,41.0336731
Butte,136,-121.4319,39.3784
Trinity,62,-123.437051,40.791509
Kern,2900,-118.702732,35.310132
Los Angeles,648,-118.324601,34.542742
Madera,597,-119.9252132,36.9678542
San Luis Obispo,157,-120.053275,35.393889
San Bernardino,62,-117.124353,34.182436
Alameda,108,-121.876277,37.536015
San Luis Obispo,588,-120.00485,35.351065
Santa Clara,343,-121.567505,37.166733
Merced,100,-121.086625,37.091637
Fresno,67,-119.116536,36.750186
Santa Clara,5513,-121.501532,37.034839
Los Angeles,1525,-118.328877,34.467915
Contra Costa,298,-122.25471,38.02996
San Joaquin,150,-121.53524,37.71984
Solano,75,-122.12447,38.21614
El Dorado,32,-120.941267,38.58488
Colusa,25,-122.65813,39.35498
Riverside,10,-116.7464168,33.551838
Santa Clara,31,-121.79349,37.37731
Madera,108,-119.50307,37.1487
Riverside,2,-117.108421,33.623968
Butte,33,-121.37994,39.43227
Riverside,91,-116.83552,33.48429
Fresno,29667,-120.52193,36.09493
San Benito,1508,-121.04401,36.653
Mariposa,48,-119.95807,37.42319
Yuba,500,-121.33589,39.10112
Alameda,253,-121.59374,37.64044
San Bernardino,119,-116.97557,34.39464
Siskiyou,557,-122.69296,41.79319
Lassen,9564,-120.86375,40.420886
Shasta,340,-122.792645,40.462621
Lassen,22634,-120.923293,41.11037
Humboldt,100,-123.6986222,41.1849445
Butte,30,-121.604579,39.506597
Contra Costa,75,-121.620238,37.977309
San Bernardino,71,-117.192142,34.135626
Madera,135,-119.932391,37.118075
Mono,120,-118.711135,37.518879
"Siskiyou, Modoc",83261,-121.477,41.699
Riverside,145,-117.033124,33.93327
Colusa,138,-122.359663,39.013591
Riverside,250,-117.429598,34.028116
Sacramento,51,-121.044895,38.420382
Merced,788,-121.101634,37.083806
Los Angeles,321,-118.72004,34.75844
Humboldt,25,-124.19954,40.78804
San Diego,100,-116.77048,32.62212
San Luis Obispo,3022,-120.00521,35.35146
San Bernardino,185,-117.45479,34.25143
Sacramento,730,-121.17197,38.40329
Riverside,104,-117.034461,33.934137
Los Angeles,220,-117.889503,34.17363
Kern,233,-118.7933,35.14357
Tehama,684,-121.6415,40.34659
Los Angeles,178,-118.59699,34.51853
San Luis Obispo,1962,-120.47346,35.43128
El Dorado,36,-121.103299,38.686478
Riverside,52,-116.641846,33.924086
Lassen,6882,-120.44811,40.36764
Colusa,560,-122.48525,39.31313
Los Angeles,120,-118.21608,34.04447
Yuba,600,-121.38178,39.11307
Los Angeles,200,-118.49731,34.3428
Kern,7760,-118.53361,35.43044
Fresno,594,-119.2439,36.90933
San Luis Obispo,280,-120.40457,35.61521
Kern,277,-118.92967,34.93929
Los Angeles,210,-118.46115,-118.46115
Mendocino,177,-123.262437,39.82454
Placer,65,-121.318472,38.81111
Lassen,285,-120.549595,40.590714
Kern,424,-119.444977,34.962524
Los Angeles,31089,-118.452,34.679
San Luis Obispo,183,-119.987565,35.308259
Sacramento,512,-121.172572,38.474502
Los Angeles,4237,-117.910498,34.160265
Butte,110,-121.633994,39.647686
Sierra,47029,-120.143473,39.702438
San Luis Obispo,312,-120.856731,35.472114
Fresno,2121,-120.427342,36.09876
San Luis Obispo,20,-120.801074,35.519723
Glenn,727,-122.427358,39.52452
Monterey,48088,-121.62161,36.60239
"Mendocino, Humboldt, Trinity, Tehama, Glenn, Lake, Colusa",1032648,-122.673,39.776
Nevada,705,-121.100352,39.29241
Glenn,275,-122.5012461,39.555943
Ventura,3000,-118.758965,34.438759
El Dorado,14,-120.876546,38.840068
"Santa Cruz, San Mateo",86509,-122.22275,37.17162
"Santa Clara, Alameda, Contra Costa, San Joaquin, Stanislaus",396624,-121.30435,37.439437
Monterey,6905,-121.68181,36.4463
Mendocino,62,-123.013667,39.276
Calaveras,1789,-120.763258,38.027921
Mendocino,820,-123.2111007,39.8174372
"Napa, Sonoma, Lake, Yolo, Solano",363220,-122.14864,38.48193
"Tehama, Glenn",19609,-122.4393,40.09571
Calaveras,55,-120.85258,38.03106
Tuolumne,2857,-120.312565,37.813779
San Diego,45,-117.328234,33.454896
Santa Clara,143,-121.68465,37.18725
Plumas,29570,-120.757,40.274
Marin,4929,-122.836701,38.018089
San Luis Obispo,53,-120.1243296,35.4335197
Lassen,567,-120.536,40.773
Placer,9,-121.10411,38.8825
Los Angeles,290,-118.36411,34.65979
Madera,688,-119.88673,37.08053
Lake,13,-122.637037,39.012743
"San Bernardino, Riverside",22744,-116.98669,34.08056
San Diego,16390,-116.692705,32.765615
Mendocino,1100,-123.3965,39.4935
Yuba,1311,-121.32361,39.3637
Stanislaus,45,-121.18018,37.46377
Siskiyou,45,-122.84057,41.68229
Siskiyou,50,-123.021635,41.575549
Fresno,1185,-119.027309,37.135474
Siskiyou,2188,-122.847359,41.211022
Santa Barbara,111,-120.491594,34.773809
"Napa, Sonoma",67484,-122.49745,38.56295
"Shasta, Tehama",56338,-122.56656,40.53927
Los Angeles,230,-118.4,34.563
Riverside,227,-117.374419,33.764357
Amador,48,-121.003602,38.49375
Sacramento,20,-121.039236,38.464074
Amador,21,-121.006635,38.424016
Yuba,56,-121.450982,39.181047
Contra Costa,30,-122.104314,37.821737
Calaveras,21,-120.64541,37.98337
San Bernardino,170,-117.138078,34.014728
El Dorado,15,-120.964726,38.659387
Butte,6,-121.54475,39.51694
Humboldt,102,-123.88658,40.55823
Napa,61,-122.37828,38.56184
"Shasta, Tehama",275,-122.39033,40.38869
Shasta,133,-122.18102,40.47646
Shasta,5,-122.342,40.41486
Orange,12466,-117.65719,33.73614
Orange,13964,-117.675067,33.877257
"Riverside, San Bernardino",150,-117.51476,34.03343
Los Angeles,131,-117.778561,34.146195
Riverside,1087,-117.62109,33.893351
Riverside,200,-117.051463,33.773754
Orange,6686,-117.674967,33.743842
Lassen,24,-120.374514,41.591948
Ventura,174,-119.078,34.33622
Riverside,1933,-117.03459,33.93244
Ventura,250,-118.83967,34.20955
Madera,23,-119.51982,37.25086
Santa Cruz,20,-122.10509,37.08931
San Mateo,15,-122.28823,37.18259
Riverside,43,-116.10723,33.52871
